BS in Aerospace Engineering, 0, 0, 0
MS in Aerospace Engineering, 2, 0, 2
MS in Analytics, 3, 0, 3
Bachelor of Science in Applied Languages and Intercultural Studies - Chinese, 1, 0, 1
Bachelor of Science in Applied Languages and Intercultural Studies -  French, 2, 0, 2
Bachelor of Science in Applied Languages and Intercultural Studies - German, 1, 0, 1
Bachelor of Science in Applied Languages and Intercultural Studies - Japanese, 1, 0, 1
Bachelor of Science in Applied Languages and Intercultural Studies - Russian, 1, 0, 1
Bachelor of Science in Applied Languages and Intercultural Studies - Spanish, 1, 0, 1
Bachelor of Science in Applied Physics - General, 0, 0, 0
Bachelor of Science in Applied Physics - Business Option, 0, 0, 0
BS in Architecture, 0, 0, 0
Master of Science in Architecture - Advanced Production, 0, 0, 0
Master of Science in Architecture - Building Information Systems , 0, 0, 0
Master of Science in Architecture - Design Computation, 0, 0, 0
Master of Sceince in Architecture - Health & Design, 2, 1, 3
Master of Science in Architecture - High Performance Building, 2, 1, 3
Bachelor of Science in Biochemistry - General, 0, 0, 0
Bachelor of Science in Biochemistry - Business Option, 0, 0, 0
Bachelor of Science in Biochemistry - Pre-Health Option, 0, 0, 0
Bachelor of Science in Biology - General, 0, 0, 0
Bachelor of Science in Biology - Business Option, 0, 0, 0
BS in Biomedical Engineering, 1, 0, 1
MS in Building Construction and Facility Managment, 5, 0, 5
Bachelor of Science in Business Administration - Accounting, 0, 0, 0
Bachelor of Science in Business Administration - Finance, 0, 0, 0
Bachelor of Science in Business Administration - General Management, 0, 0, 0
Bachelor of Science in Business Administration - Information Technology Management, 0, 0, 0
Bachelor of Science in Business Administration - Leadership and Organizational Change, 0, 0, 0
Bachelor of Science in Business Administration - Marketing, 0, 0, 0
Bachelor of Science in Business Administration - Operations and Supply Chain Management, 0, 0, 0
Bachelor of Business Administration - Strategy and Innovation, 2, 3, 5
BS in Chemical and Biomolecular Engineering, 0, 0, 0
Bachelor of Science in Chemistry - General , 0, 0, 0
Bachelor of Science in Chemistry - Biochemistry Option, 0, 0, 0
Bachelor of Science in Chemistry - Business Option, 0, 0, 0
Bachelor of Science in Chemistry - Materials Option, 0, 0, 0
Bachelor of Science in Chemistry - Polymer Option, 0, 0, 0
Bachelor of Science in Chemistry - Pre-Health Option, 1, 0, 1
BS in Civil Engineering, 0, 0, 0
MS in Civil Engineering, 2, 0, 2
Bachelor of Science in Computational Media - Intelligence - Film, Performance, & Media Studies, 1, 0, 1
Bachelor of Science in Computational Media - Intelligence - Game Studies, 1, 0, 1
Bachelor of Science in Computational Media - Intelligence - Interaction Design & Experimental Media, 1, 0, 1
Bachelor of Science in Computational Media - Intelligence - Narrative Studies, 1, 0, 1
Bachelor of Science in Computational Media - Media - Film, Performance, & Media Studies, 1, 0, 1
Bachelor of Science in Computational Media - Media - Game Studies, 1, 0, 1
Bachelor of Science in Computational Media - Media  - Interaction Design & Experimental Media, 1, 0, 1
Bachelor of Science in Computational Media - Media - Narrative Studies, 1, 0, 1
Bachelor of Science in Computational Media - People - Film, Performance, & Media Studies, 1, 0, 1
Bachelor of Science in Computational Media - People - Game Studies, 1, 0, 1
Bachelor of Science in Computational Media - People - Interaction Design & Experimental Media, 1, 0, 1
Bachelor of Science in Computational Media - People - Narrative Studies, 1, 0, 1
MS in Computational Science and Engineering, 3, 0, 3
BS in Computer Engineering, 3, 3, 6
Bachelor of Science in Computer Science - Thread: Modeling - Simulation & Devices, 0, 0, 0
Bachelor of Science in Computer Science - Thread: Devices & Theory, 0, 0, 0
Bachelor of Science in Computer Science - Thread: Devices & Information Internetworks, 0, 0, 0
Bachelor of Science in Computer Science - Thread: Devices & Intelligence, 1, 0, 1
Bachelor of Science in Computer Science - Thread: Devices & Media, 0, 0, 0
Bachelor of Science in Computer Science - Thread: Devices & People, 0, 0, 0
Bachelor of Science in Computer Science - Thread: Devices & Systems and Architecture, 0, 0, 0
Bachelor of Science in Computer Science - Thread: Modeling-Simulation & Information Internetworks, 0, 0, 0
Bachelor of Science in Computer Science - Thread: Theory & Information Internetworks, 0, 0, 0
Bachelor of Science in Computer Science - Thread: Information Internetworks & Intelligence, 0, 0, 0
Bachelor of Science in Computer Science - Thread: Information Internetworks & Media, 0, 0, 0
Bachelor of Science in Computer Science - Thread: Information Internetworks & People, 0, 0, 0
Bachelor of Science in Computer Science - Thread: Information Internetworks & Systems and Architecture, 0, 0, 0
Bachelor of Science in Computer Science - Thread: Modeling - Simulation & Intelligence, 0, 0, 0
Bachelor of Science in Computer Science - Thread: Theory & Intelligence, 0, 0, 0
 Bachelor of Science in Computer Science - Thread: Intelligence & Media, 0, 0, 0
Bachelor of Science in Computer Science - Thread: Intelligence & People, 0, 0, 0
Bachelor of Science in Computer Science - Thread: Intelligence & Systems and Architecture, 0, 0, 0
Bachelor of Science in Computer Science - Thread: Modeling and Simulation & Media, 0, 0, 0
Bachelor of Science in Computer Science - Thread: Theory & Media, 0, 0, 0
Bachelor of Science in Computer Science - Thread: Media & People, 0, 0, 0
Bachelor of Science in Computer Science - Thread: Media & Systems and Architecture, 0, 0, 0
Bachelor of Science in Computer Science - Thread: Modeling - Simulation & Theory, 0, 0, 0
Bachelor of Science in Computer Science - Thread: Modeling - Simulation & People, 0, 0, 0
Bachelor of Science in Computer Science - Thread: Modeling - Simulation & Systems and Architecture, 0, 0, 0
Bachelor of Science in Computer Science - Thread: Theory & People, 0, 0, 0
Bachelor of Science in Computer Science - Thread: People & Systems and Architecture, 0, 0, 0
Bachelor of Science in Computer Science - Thread: Theory & Systems and Architecture, 0, 0, 0
MS in Computer Science, 4, 0, 4
MS in Cybersecurity, 3, 0, 3
MS in Digital Media, 2, 0, 2
Bachelor of Science in Earth and Atmospheric Sciences - General, 0, 0, 0
Bachelor of Science in Earth and Atmospheric Sciences - Business Option, 0, 0, 0
BS in Economics, 4, 0, 4
MS in Economics, 3, 0, 3
BS in Economics and International Affairs, 3, 0, 3
BS in Electrical Engineering, 4, 4, 8
MS in Engineering Science and Mechanics, 3, 0, 3
BS in Environmental Engineering, 0, 0, 0
MS in Environmental Engineering, 2, 0, 2
MS in Geographic Information Science and Technology, 1, 0, 1
Bachelor of Science in Global Economics and Modern Languages - Chinese , 7, 0, 7
Bachelor of Science in Global Economics and Modern Languages - French, 7, 0, 7
Bachelor of Science in Global Economics and Modern Languages - German, 7, 0, 7
Bachelor of Science in Global Economics and Modern Languages - Japanese, 7, 0, 7
Bachelor of Science in Global Economics and Modern Languages - Russian, 7, 0, 7
Bachelor of Science in Global Economics and Modern Languages - Spanish, 7, 0, 7
BS in History, Technology, and Society, 8, 9, 17
MS in History and Sociology of Technology and Science, 0, 0, 0
MS in Human-Computer Interaction, 1, 0, 1
BS in Industrial Design, 0, 0, 0
Bachelor of Science in Industrial Engineering - General, 3, 4, 7
Bachelor of Science in Industrial Engineering - Economic and Financial Systems, 3, 4, 7
Bachelor of Science in Industrial Engineering - Operations Research, 3, 4, 7
Bachelor of Science in Industrial Engineering -  Quality and Statistics, 3, 4, 7
Bachelor of Science in Industrial Engineering - Supply Chain Engineering, 3, 4, 7
BS in International Affairs, 6, 1, 7
Bachelor of Science in International Affairs and Modern Language - Chinese, 4, 0, 4
Bachelor of Science in International Affairs and Modern Language - French, 4, 0, 4
Bachelor of Science in International Affairs and Modern Language - German, 4, 0, 4
Bachelor of Science in International Affairs and Modern Language - Japanese, 7, 0, 7
Bachelor of Science in International Affairs and Modern Language - Russian, 4, 0, 4
Bachelor of Science in International Affairs and Modern Language - Spanish, 4, 0, 4
Bachelor of Science in Literature, Media, and Communication - Thread: Literature & Media, 7, 2, 9
Bachelor of Science in Literature, Media, and Communication - Thread: Literature & Communication, 7, 2, 9
Bachelor of Science in Literature, Media, and Communication - Thread: Literature & Design, 7, 2, 9
Bachelor of Science in Literature, Media, and Communication - Thread: Literature & Social Justice, 7, 2, 9
Bachelor of Science in Literature, Media, and Communication - Thread: Literature & Science, Technology, and Culture, 7, 2, 9
Bachelor of Science in Literature, Media, and Communication - Thread: Media & Communication, 7, 2, 9
Bachelor of Science in Literature, Media, and Communication - Thread: Media & Design, 7, 2, 9
Bachelor of Science in Literature, Media, and Communication - Thread: Media & Social Justice, 7, 2, 9
Bachelor of Science in Literature, Media, and Communication - Thread: Media & Science, Technology and Culture, 7, 2, 9
Bachelor of Science in Literature, Communication, and Media: Thread - Communication & Design, 7, 2, 9
Bachelor of Science in Literature, Media, and Communication - Thread: Communication & Social Justice, 7, 2, 9
Bachelor of Science in Literature, Media, and Communication - Thread: Communication & Science, Technology, and Culture, 7, 2, 9
Bachelor of Science in Literature, Communication, and Media: Thread - Design & Social Justice, 7, 2, 9
Bachelor of Science in Literature, Communication, and Media: Thread - Design & Science, Technology, & Culture, 7, 2, 9
Bachelor of Science in Literature, Media, and Communication - Thread: Social Justice and Science, Technology, and Culture, 7, 2, 9
Bachelor of Science in Materials Science and Engineering - Biomaterials, 1, 1, 2
Bachelor of Science in Materials Science and Engineering - Polymer and Fiber Materials, 1, 1, 2
Bachelor of Science in Materials Science and Engineering - Structural and Functional Materials, 1, 1, 2
Bachelor of Science in Mathematics - Applied Mathematics , 2, 0, 2
Bachelor of Science in Mathematics - Discrete Mathematics, 2, 0, 2
Bachelor of Science in Mathematics - Pure Mathematics, 2, 0, 2
Bachelor of Science in Mathematics - Probability and Statistics, 2, 0, 2
Bachelor of Science in Mathematics - Business Option, 2, 2, 4
Bachelor of Science in Mathematics - General, 2, 2, 4
MS in Mathematics, 0, 0, 0
Bachelor of Science in Mechanical Engineering - General, 3, 1, 4
Bachelor of Science in Mechanical Engineering - Automotive, 1, 1, 2
Bachelor of Science in Mechanical Engineering - Automation and Robotic Systems, 1, 1, 2
Bachelor of Science in Mechanical Engineering - Design, 1, 1, 2
Bachelor of Science in Mechanical Engineering - Manufacturing, 1, 1, 2
Bachelor of Science in Mechanical Engineering - Mechanics of Materials, 1, 1, 2
Bachelor of Science in Mechanical Engineering - Micro- and Nanoengineering, 1, 1, 2
Bachelor of Science in Mechanical Engineering - Nuclear Engineering, 1, 1, 2
Bachelor of Science in Mechanical Engineering - Thermal, Fluid, & Energy Systems, 1, 1, 2
Bachelor of Science in Music Technology - General, 3, 2, 5
Bachelor of Science in Music Technology - Electrical and Computer Engineering: Signal Processing, 2, 2, 4
Bachelor of Science in Music Technology - Mechanical Engineering: Acoustics and Vibrations, 2, 2, 4
Bachelor of Science in Music Technology - Mechanical Engineering: Controls and Robotics, 3, 2, 5
MS in Music Technology, 4, 1, 5
Bachelor of Science in Nuclear and Radiological Engineering - Nuclear Engineering Concentration, 0, 0, 0
Bachelor of Science in Nuclear and Radiological Engineering - Radiological Science and Engineering concentration, 0, 0, 0
BS in Neuroscience, 4, 4, 8
Bachelor of Science in Physics - General, 0, 0, 0
 Bachelor of Science in Physics - Astrophysics, 1, 0, 1
Bachelor of Science in Physics - Business Option, 0, 0, 0
MS in Physics, 2, 0, 2
Bachelor of Science in Psychology - General, 1, 0, 1
Bachelor of Science in Psychology - Business Option, 1, 0, 1
BS in Public Policy, 2, 0, 2
MS in Public Policy, 0, 0, 0
MS in Quantitative and Computational Finance, 1, 0, 1
MS in Statistics, 1, 0, 1
MS in Supply Chain Engineering, 0, 0, 0
MS in Urban Design, 1, 0, 1
